date_utc,cycle_utc,pier_key,pier_name,node_index,temp_c,temp_f,mesh_nodes,mesh_ok,note
2026-06-28,12,sheboygan,Sheboygan,20022,16.0285,60.851,90806,yes,
2026-06-28,12,manitowoc,Manitowoc,21438,15.4745,59.854,90806,yes,
2026-06-28,12,two_rivers,Two Rivers,23983,14.7047,58.468,90806,yes,
2026-06-28,12,kewaunee,Kewaunee,28542,16.0141,60.825,90806,yes,
2026-06-28,12,algoma,Algoma,28904,16.3257,61.386,90806,yes,
2026-06-28,12,sturgeon_bay,Sturgeon Bay,31190,16.8519,62.333,90806,yes,
2026-06-28,12,open_lake_45210,Open lake (buoy 45210 node),28627,15.2239,59.403,90806,yes,
2026-06-29,12,sheboygan,Sheboygan,20022,15.1556,59.28,90806,yes,
2026-06-29,12,manitowoc,Manitowoc,21438,16.1885,61.139,90806,yes,
2026-06-29,12,two_rivers,Two Rivers,23983,15.2555,59.46,90806,yes,
2026-06-29,12,kewaunee,Kewaunee,28542,16.5872,61.857,90806,yes,
2026-06-29,12,algoma,Algoma,28904,17.3061,63.151,90806,yes,
2026-06-29,12,sturgeon_bay,Sturgeon Bay,31190,17.8536,64.136,90806,yes,
2026-06-29,12,open_lake_45210,Open lake (buoy 45210 node),28627,15.9844,60.772,90806,yes,
2026-06-30,12,sheboygan,Sheboygan,20022,11.7879,53.218,90806,yes,
2026-06-30,12,manitowoc,Manitowoc,21438,15.309,59.556,90806,yes,
2026-06-30,12,two_rivers,Two Rivers,23983,15.0859,59.155,90806,yes,
2026-06-30,12,kewaunee,Kewaunee,28542,14.6004,58.281,90806,yes,
2026-06-30,12,algoma,Algoma,28904,14.9646,58.936,90806,yes,
2026-06-30,12,sturgeon_bay,Sturgeon Bay,31190,16.3446,61.42,90806,yes,
2026-06-30,12,open_lake_45210,Open lake (buoy 45210 node),28627,14.8498,58.73,90806,yes,
2026-07-01,12,sheboygan,Sheboygan,20022,8.641,47.554,90806,yes,
2026-07-01,12,manitowoc,Manitowoc,21438,11.8004,53.241,90806,yes,
2026-07-01,12,two_rivers,Two Rivers,23983,10.7164,51.29,90806,yes,
2026-07-01,12,kewaunee,Kewaunee,28542,11.2709,52.288,90806,yes,
2026-07-01,12,algoma,Algoma,28904,11.0053,51.81,90806,yes,
2026-07-01,12,sturgeon_bay,Sturgeon Bay,31190,12.2693,54.085,90806,yes,
2026-07-01,12,open_lake_45210,Open lake (buoy 45210 node),28627,15.3647,59.657,90806,yes,
2026-07-02,12,sheboygan,Sheboygan,20022,7.7969,46.034,90806,yes,
2026-07-02,12,manitowoc,Manitowoc,21438,10.9269,51.668,90806,yes,
2026-07-02,12,two_rivers,Two Rivers,23983,8.9853,48.174,90806,yes,
2026-07-02,12,kewaunee,Kewaunee,28542,9.675,49.415,90806,yes,
2026-07-02,12,algoma,Algoma,28904,8.9011,48.022,90806,yes,
2026-07-02,12,sturgeon_bay,Sturgeon Bay,31190,9.6843,49.432,90806,yes,
2026-07-02,12,open_lake_45210,Open lake (buoy 45210 node),28627,16.4844,61.672,90806,yes,
2026-07-03,12,sheboygan,Sheboygan,20022,7.4915,45.485,90806,yes,
2026-07-03,12,manitowoc,Manitowoc,21438,9.3664,48.859,90806,yes,
2026-07-03,12,two_rivers,Two Rivers,23983,8.0918,46.565,90806,yes,
2026-07-03,12,kewaunee,Kewaunee,28542,8.6107,47.499,90806,yes,
2026-07-03,12,algoma,Algoma,28904,8.1282,46.631,90806,yes,
2026-07-03,12,sturgeon_bay,Sturgeon Bay,31190,9.1769,48.518,90806,yes,
2026-07-03,12,open_lake_45210,Open lake (buoy 45210 node),28627,16.8729,62.371,90806,yes,
2026-07-04,12,sheboygan,Sheboygan,20022,6.6175,43.912,90806,yes,
2026-07-04,12,manitowoc,Manitowoc,21438,7.2932,45.128,90806,yes,
2026-07-04,12,two_rivers,Two Rivers,23983,7.0514,44.693,90806,yes,
2026-07-04,12,kewaunee,Kewaunee,28542,7.3382,45.209,90806,yes,
2026-07-04,12,algoma,Algoma,28904,7.5206,45.537,90806,yes,
2026-07-04,12,sturgeon_bay,Sturgeon Bay,31190,8.9213,48.058,90806,yes,
2026-07-04,12,open_lake_45210,Open lake (buoy 45210 node),28627,17.4008,63.321,90806,yes,
2026-07-05,12,sheboygan,Sheboygan,20022,8.6115,47.501,90806,yes,
2026-07-05,12,manitowoc,Manitowoc,21438,7.3436,45.218,90806,yes,
2026-07-05,12,two_rivers,Two Rivers,23983,9.877,49.779,90806,yes,
2026-07-05,12,kewaunee,Kewaunee,28542,9.6238,49.323,90806,yes,
2026-07-05,12,algoma,Algoma,28904,8.0035,46.406,90806,yes,
2026-07-05,12,sturgeon_bay,Sturgeon Bay,31190,9.4369,48.986,90806,yes,
2026-07-05,12,open_lake_45210,Open lake (buoy 45210 node),28627,17.6786,63.822,90806,yes,
2026-07-06,12,sheboygan,Sheboygan,20022,12.9503,55.311,90806,yes,
2026-07-06,12,manitowoc,Manitowoc,21438,11.7903,53.222,90806,yes,
2026-07-06,12,two_rivers,Two Rivers,23983,13.1237,55.623,90806,yes,
2026-07-06,12,kewaunee,Kewaunee,28542,12.6688,54.804,90806,yes,
2026-07-06,12,algoma,Algoma,28904,13.7093,56.677,90806,yes,
2026-07-06,12,sturgeon_bay,Sturgeon Bay,31190,10.7958,51.432,90806,yes,
2026-07-06,12,open_lake_45210,Open lake (buoy 45210 node),28627,17.5547,63.598,90806,yes,
2026-07-07,12,sheboygan,Sheboygan,20022,16.6049,61.889,90806,yes,
2026-07-07,12,manitowoc,Manitowoc,21438,15.6527,60.175,90806,yes,
2026-07-07,12,two_rivers,Two Rivers,23983,15.4922,59.886,90806,yes,
2026-07-07,12,kewaunee,Kewaunee,28542,16.7696,62.185,90806,yes,
2026-07-07,12,algoma,Algoma,28904,15.1293,59.233,90806,yes,
2026-07-07,12,sturgeon_bay,Sturgeon Bay,31190,17.0591,62.706,90806,yes,
2026-07-07,12,open_lake_45210,Open lake (buoy 45210 node),28627,17.751,63.952,90806,yes,
2026-07-08,12,sheboygan,Sheboygan,20022,17.9928,64.387,90806,yes,
2026-07-08,12,manitowoc,Manitowoc,21438,16.1594,61.087,90806,yes,
2026-07-08,12,two_rivers,Two Rivers,23983,16.8207,62.277,90806,yes,
2026-07-08,12,kewaunee,Kewaunee,28542,16.7057,62.07,90806,yes,
2026-07-08,12,algoma,Algoma,28904,16.0789,60.942,90806,yes,
2026-07-08,12,sturgeon_bay,Sturgeon Bay,31190,17.665,63.797,90806,yes,
2026-07-08,12,open_lake_45210,Open lake (buoy 45210 node),28627,18.6316,65.537,90806,yes,
2026-07-09,12,sheboygan,Sheboygan,20022,17.8225,64.081,90806,yes,
2026-07-09,12,manitowoc,Manitowoc,21438,15.1033,59.186,90806,yes,
2026-07-09,12,two_rivers,Two Rivers,23983,14.7076,58.474,90806,yes,
2026-07-09,12,kewaunee,Kewaunee,28542,13.6836,56.631,90806,yes,
2026-07-09,12,algoma,Algoma,28904,14.0023,57.204,90806,yes,
2026-07-09,12,sturgeon_bay,Sturgeon Bay,31190,15.465,59.837,90806,yes,
2026-07-09,12,open_lake_45210,Open lake (buoy 45210 node),28627,18.8445,65.92,90806,yes,
2026-07-10,12,sheboygan,Sheboygan,20022,20.1954,68.352,90806,yes,
2026-07-10,12,manitowoc,Manitowoc,21438,16.788,62.218,90806,yes,
2026-07-10,12,two_rivers,Two Rivers,23983,17.9718,64.349,90806,yes,
2026-07-10,12,kewaunee,Kewaunee,28542,17.0163,62.629,90806,yes,
2026-07-10,12,algoma,Algoma,28904,16.383,61.489,90806,yes,
2026-07-10,12,sturgeon_bay,Sturgeon Bay,31190,16.9894,62.581,90806,yes,
2026-07-10,12,open_lake_45210,Open lake (buoy 45210 node),28627,19.2387,66.63,90806,yes,
2026-07-11,12,sheboygan,Sheboygan,20022,20.6255,69.126,90806,yes,
2026-07-11,12,manitowoc,Manitowoc,21438,18.8218,65.879,90806,yes,
2026-07-11,12,two_rivers,Two Rivers,23983,18.2767,64.898,90806,yes,
2026-07-11,12,kewaunee,Kewaunee,28542,18.8135,65.864,90806,yes,
2026-07-11,12,algoma,Algoma,28904,19.0462,66.283,90806,yes,
2026-07-11,12,sturgeon_bay,Sturgeon Bay,31190,19.399,66.918,90806,yes,
2026-07-11,12,open_lake_45210,Open lake (buoy 45210 node),28627,19.9757,67.956,90806,yes,
2026-07-12,12,sheboygan,Sheboygan,20022,21.3533,70.436,90806,yes,
2026-07-12,12,manitowoc,Manitowoc,21438,20.2682,68.483,90806,yes,
2026-07-12,12,two_rivers,Two Rivers,23983,19.7512,67.552,90806,yes,
2026-07-12,12,kewaunee,Kewaunee,28542,20.2311,68.416,90806,yes,
2026-07-12,12,algoma,Algoma,28904,20.8736,69.573,90806,yes,
2026-07-12,12,sturgeon_bay,Sturgeon Bay,31190,21.313,70.363,90806,yes,
2026-07-12,12,open_lake_45210,Open lake (buoy 45210 node),28627,20.0941,68.169,90806,yes,
2026-07-13,12,sheboygan,Sheboygan,20022,19.8166,67.67,90806,yes,
2026-07-13,12,manitowoc,Manitowoc,21438,19.21,66.578,90806,yes,
2026-07-13,12,two_rivers,Two Rivers,23983,17.2676,63.082,90806,yes,
2026-07-13,12,kewaunee,Kewaunee,28542,17.3154,63.168,90806,yes,
2026-07-13,12,algoma,Algoma,28904,16.7892,62.221,90806,yes,
2026-07-13,12,sturgeon_bay,Sturgeon Bay,31190,17.0166,62.63,90806,yes,
2026-07-13,12,open_lake_45210,Open lake (buoy 45210 node),28627,21.4421,70.596,90806,yes,
2026-07-14,12,sheboygan,Sheboygan,20022,18.7219,65.699,90806,yes,
2026-07-14,12,manitowoc,Manitowoc,21438,14.3823,57.888,90806,yes,
2026-07-14,12,two_rivers,Two Rivers,23983,13.6493,56.569,90806,yes,
2026-07-14,12,kewaunee,Kewaunee,28542,12.676,54.817,90806,yes,
2026-07-14,12,algoma,Algoma,28904,12.0125,53.622,90806,yes,
2026-07-14,12,sturgeon_bay,Sturgeon Bay,31190,12.9602,55.328,90806,yes,
2026-07-14,12,open_lake_45210,Open lake (buoy 45210 node),28627,20.877,69.579,90806,yes,
2026-07-15,12,sheboygan,Sheboygan,20022,18.2463,64.843,90806,yes,
2026-07-15,12,manitowoc,Manitowoc,21438,11.6616,52.991,90806,yes,
2026-07-15,12,two_rivers,Two Rivers,23983,11.8274,53.289,90806,yes,
2026-07-15,12,kewaunee,Kewaunee,28542,11.0857,51.954,90806,yes,
2026-07-15,12,algoma,Algoma,28904,10.4836,50.871,90806,yes,
2026-07-15,12,sturgeon_bay,Sturgeon Bay,31190,10.7538,51.357,90806,yes,
2026-07-15,12,open_lake_45210,Open lake (buoy 45210 node),28627,21.1951,70.151,90806,yes,
2026-07-16,12,sheboygan,Sheboygan,20022,22.315,72.167,90806,yes,
2026-07-16,12,manitowoc,Manitowoc,21438,16.7983,62.237,90806,yes,
2026-07-16,12,two_rivers,Two Rivers,23983,21.0945,69.97,90806,yes,
2026-07-16,12,kewaunee,Kewaunee,28542,16.7914,62.224,90806,yes,
2026-07-16,12,algoma,Algoma,28904,12.4727,54.451,90806,yes,
2026-07-16,12,sturgeon_bay,Sturgeon Bay,31190,12.3074,54.153,90806,yes,
2026-07-16,12,open_lake_45210,Open lake (buoy 45210 node),28627,21.1545,70.078,90806,yes,
2026-07-17,12,sheboygan,Sheboygan,20022,23.534,74.361,90806,yes,
2026-07-17,12,manitowoc,Manitowoc,21438,21.873,71.371,90806,yes,
2026-07-17,12,two_rivers,Two Rivers,23983,23.4104,74.139,90806,yes,
2026-07-17,12,kewaunee,Kewaunee,28542,21.3271,70.389,90806,yes,
2026-07-17,12,algoma,Algoma,28904,18.5908,65.464,90806,yes,
2026-07-17,12,sturgeon_bay,Sturgeon Bay,31190,17.2656,63.078,90806,yes,
2026-07-17,12,open_lake_45210,Open lake (buoy 45210 node),28627,22.1475,71.866,90806,yes,
2026-07-18,12,sheboygan,Sheboygan,20022,17.891,64.204,90806,yes,
2026-07-18,12,manitowoc,Manitowoc,21438,19.0819,66.348,90806,yes,
2026-07-18,12,two_rivers,Two Rivers,23983,17.501,63.502,90806,yes,
2026-07-18,12,kewaunee,Kewaunee,28542,13.9351,57.083,90806,yes,
2026-07-18,12,algoma,Algoma,28904,13.6313,56.536,90806,yes,
2026-07-18,12,sturgeon_bay,Sturgeon Bay,31190,16.7232,62.102,90806,yes,
2026-07-18,12,open_lake_45210,Open lake (buoy 45210 node),28627,23.3739,74.073,90806,yes,
2026-07-19,12,sheboygan,Sheboygan,20022,22.29,72.122,90806,yes,
2026-07-19,12,manitowoc,Manitowoc,21438,13.4848,56.273,90806,yes,
2026-07-19,12,two_rivers,Two Rivers,23983,19.1564,66.481,90806,yes,
2026-07-19,12,kewaunee,Kewaunee,28542,15.6421,60.156,90806,yes,
2026-07-19,12,algoma,Algoma,28904,13.5437,56.379,90806,yes,
2026-07-19,12,sturgeon_bay,Sturgeon Bay,31190,16.585,61.853,90806,yes,
2026-07-19,12,open_lake_45210,Open lake (buoy 45210 node),28627,21.3946,70.51,90806,yes,
2026-07-20,12,sheboygan,Sheboygan,20022,22.1937,71.949,90806,yes,
2026-07-20,12,manitowoc,Manitowoc,21438,18.6304,65.535,90806,yes,
2026-07-20,12,two_rivers,Two Rivers,23983,19.4288,66.972,90806,yes,
2026-07-20,12,kewaunee,Kewaunee,28542,15.9487,60.708,90806,yes,
2026-07-20,12,algoma,Algoma,28904,17.2661,63.079,90806,yes,
2026-07-20,12,sturgeon_bay,Sturgeon Bay,31190,18.7286,65.712,90806,yes,
2026-07-20,12,open_lake_45210,Open lake (buoy 45210 node),28627,22.5901,72.662,90806,yes,
2026-07-21,12,sheboygan,Sheboygan,20022,12.7955,55.032,90806,yes,
2026-07-21,12,manitowoc,Manitowoc,21438,15.5285,59.951,90806,yes,
2026-07-21,12,two_rivers,Two Rivers,23983,14.6251,58.325,90806,yes,
2026-07-21,12,kewaunee,Kewaunee,28542,13.825,56.885,90806,yes,
2026-07-21,12,algoma,Algoma,28904,14.8607,58.749,90806,yes,
2026-07-21,12,sturgeon_bay,Sturgeon Bay,31190,16.3393,61.411,90806,yes,
2026-07-21,12,open_lake_45210,Open lake (buoy 45210 node),28627,19.4215,66.959,90806,yes,
2026-07-22,12,sheboygan,Sheboygan,20022,18.3902,65.102,90806,yes,
2026-07-22,12,manitowoc,Manitowoc,21438,10.5085,50.915,90806,yes,
2026-07-22,12,two_rivers,Two Rivers,23983,11.2958,52.332,90806,yes,
2026-07-22,12,kewaunee,Kewaunee,28542,11.0255,51.846,90806,yes,
2026-07-22,12,algoma,Algoma,28904,10.3794,50.683,90806,yes,
2026-07-22,12,sturgeon_bay,Sturgeon Bay,31190,11.9706,53.547,90806,yes,
2026-07-22,12,open_lake_45210,Open lake (buoy 45210 node),28627,20.4458,68.802,90806,yes,
2026-07-23,12,sheboygan,Sheboygan,20022,19.611,67.3,90806,yes,
2026-07-23,12,manitowoc,Manitowoc,21438,16.901,62.422,90806,yes,
2026-07-23,12,two_rivers,Two Rivers,23983,17.6631,63.794,90806,yes,
2026-07-23,12,kewaunee,Kewaunee,28542,14.3026,57.745,90806,yes,
2026-07-23,12,algoma,Algoma,28904,13.9817,57.167,90806,yes,
2026-07-23,12,sturgeon_bay,Sturgeon Bay,31190,12.7696,54.985,90806,yes,
2026-07-23,12,open_lake_45210,Open lake (buoy 45210 node),28627,20.4284,68.771,90806,yes,
2026-07-24,12,sheboygan,Sheboygan,20022,16.2667,61.28,90806,yes,
2026-07-24,12,manitowoc,Manitowoc,21438,16.0287,60.852,90806,yes,
2026-07-24,12,two_rivers,Two Rivers,23983,15.8036,60.446,90806,yes,
2026-07-24,12,kewaunee,Kewaunee,28542,13.4952,56.291,90806,yes,
2026-07-24,12,algoma,Algoma,28904,12.9839,55.371,90806,yes,
2026-07-24,12,sturgeon_bay,Sturgeon Bay,31190,13.108,55.594,90806,yes,
2026-07-24,12,open_lake_45210,Open lake (buoy 45210 node),28627,20.2555,68.46,90806,yes,
2026-07-25,12,sheboygan,Sheboygan,20022,13.8777,56.98,90806,yes,
2026-07-25,12,manitowoc,Manitowoc,21438,15.0684,59.123,90806,yes,
2026-07-25,12,two_rivers,Two Rivers,23983,15.469,59.844,90806,yes,
2026-07-25,12,kewaunee,Kewaunee,28542,13.1579,55.684,90806,yes,
2026-07-25,12,algoma,Algoma,28904,12.552,54.594,90806,yes,
2026-07-25,12,sturgeon_bay,Sturgeon Bay,31190,13.3819,56.087,90806,yes,
2026-07-25,12,open_lake_45210,Open lake (buoy 45210 node),28627,20.6233,69.122,90806,yes,
2026-07-26,12,sheboygan,Sheboygan,20022,10.45,50.81,90806,yes,
2026-07-26,12,manitowoc,Manitowoc,21438,12.3228,54.181,90806,yes,
2026-07-26,12,two_rivers,Two Rivers,23983,12.3903,54.303,90806,yes,
2026-07-26,12,kewaunee,Kewaunee,28542,11.764,53.175,90806,yes,
2026-07-26,12,algoma,Algoma,28904,10.9403,51.693,90806,yes,
2026-07-26,12,sturgeon_bay,Sturgeon Bay,31190,11.7888,53.22,90806,yes,
2026-07-26,12,open_lake_45210,Open lake (buoy 45210 node),28627,20.6895,69.241,90806,yes,
2026-07-27,12,sheboygan,Sheboygan,20022,11.1718,52.109,90806,yes,
2026-07-27,12,manitowoc,Manitowoc,21438,12.0774,53.739,90806,yes,
2026-07-27,12,two_rivers,Two Rivers,23983,12.1024,53.784,90806,yes,
2026-07-27,12,kewaunee,Kewaunee,28542,11.52,52.736,90806,yes,
2026-07-27,12,algoma,Algoma,28904,9.8571,49.743,90806,yes,
2026-07-27,12,sturgeon_bay,Sturgeon Bay,31190,11.7243,53.104,90806,yes,
2026-07-27,12,open_lake_45210,Open lake (buoy 45210 node),28627,21.1967,70.154,90806,yes,
